T√≠tulo,Autor,Fecha de publicaci√≥n,Contenido,Enlace
Empleo,TerraSmokes,1674590755.0,Trabaja con nosotros,https://i.redd.it/8fdlokt2a3ea1.jpg
"Mujeres, esta es su oportunidad para generar ingresos üíµüí≤",Professional-Okra110,1673278287.0,,https://v.redd.it/c6t0ajaxc1ba1
"Necesito un trabajo desde casa , que me pueden recomendar ? Porfis escr√≠banme al privado si tienen algo para m√≠ , necesito un ingreso ...pinto casas, hago masajes , ba√±o perros, soy asistente , hago tareas ... Porfis solo d√≠ganme...",NewAnnual6968,1669696094.0,"Necesito un trabajo desde casa o asistente privada , pinto casas , hago masajes , s√© hablar ingl√©s , porfa recomiendenme algo , que no sea call Center que ya he trabajado en todos los famosos ...",https://www.reddit.com/r/Empleos/comments/z7jbor/necesito_un_trabajo_desde_casa_que_me_pueden/
Necesitas empleo te esperamos,Swimming_Culture_291,1667586282.0,,https://i.redd.it/7wb9vzu5q0y91.png
edito videos,Neyien,1663290017.0,"Hola, me presento mi nombre es ramon estoy buscando a alguien para editar sus videos para (youtube) (tik tok) a cambio de poco dinero, el que este interesado no dude en mandar un mensajito, muchas gracias",https://www.reddit.com/r/Empleos/comments/xfd83n/edito_videos/
P√°gina para conseguir #empleo en #ecuador @Empleos Reales #shorts,netsurfer007,1659156816.0,,https://youtu.be/IIXCfhxPLK8
Empleabilidad,kuantif,1629999164.0,"7 claves para conseguir empleo y mantenerse empleado

[https://costaricamakers.com/como-conseguir-empleo-7-claves](https://costaricamakers.com/como-conseguir-empleo-7-claves)",https://www.reddit.com/r/Empleos/comments/pc4c85/empleabilidad/
Empleo,Neicrysl,1612190928.0,**Buenos d√≠as! En busca de empleo !**,https://www.reddit.com/r/Empleos/comments/la4ox3/empleo/
Empleos y trabajos has been created,allgameplaya,1557347660.0,,https://www.reddit.com/r/Empleos/comments/bmaf5z/empleos_y_trabajos_has_been_created/
